{"loss": [0.6920790076255798, 0.6857094764709473, 0.6884651780128479, 0.6837632656097412, 0.6733574271202087, 0.6725340485572815, 0.6718339323997498, 0.6682910323143005, 0.6728919744491577, 0.669927716255188, 0.667170524597168, 0.6646219491958618, 0.6718524098396301, 0.664542019367218, 0.6600831151008606, 0.6604250073432922, 0.6489773988723755, 0.6523133516311646, 0.6488686800003052, 0.649421751499176, 0.6725366711616516, 0.6710700392723083, 0.6764796376228333, 0.6726680397987366, 0.67367023229599, 0.6709561347961426, 0.6615650057792664, 0.6592572331428528, 0.6552705764770508, 0.6495790481567383, 0.6510689854621887, 0.6750926375389099, 0.6624273657798767, 0.657843291759491, 0.6554387211799622, 0.6534271240234375, 0.6457456350326538, 0.6396781802177429, 0.6395722031593323, 0.6351245641708374, 0.6637545824050903, 0.6531842947006226, 0.6786364912986755, 0.6755339503288269, 0.6633871793746948, 0.6636292338371277, 0.6592704653739929, 0.6596230864524841, 0.6564232110977173, 0.650156557559967, 0.650836169719696, 0.6388978958129883, 0.6439134478569031, 0.6662977933883667, 0.6391011476516724, 0.6493198275566101, 0.6390379071235657, 0.6391386985778809, 0.6310528516769409, 0.6419200301170349, 0.6371155977249146, 0.6373844146728516, 0.6370790004730225, 0.6393401026725769, 0.6431476473808289, 0.7109273672103882, 0.6829248666763306, 0.6806697845458984, 0.6744869947433472, 0.6759787201881409, 0.671310305595398, 0.6692851781845093, 0.6713320016860962, 0.6660298705101013, 0.6691491007804871, 0.6671867966651917, 0.6654327511787415, 0.6636847257614136, 0.661740779876709, 0.6612606644630432, 0.6606141924858093, 0.665212094783783, 0.659572184085846, 0.6624231934547424, 0.6593471169471741, 0.6593217849731445, 0.6600103378295898, 0.658349871635437, 0.6560922861099243, 0.6611669063568115, 0.6584097146987915, 0.6593315601348877, 0.65864497423172, 0.6542008519172668, 0.6584343910217285, 0.6513041853904724, 0.6558377146720886, 0.6517690420150757, 0.6543245315551758, 0.6454014778137207, 0.6445194482803345, 0.6407055854797363, 0.6402857899665833, 0.6381785273551941, 0.6394088864326477, 0.6690554022789001, 0.6704341173171997, 0.6661567687988281, 0.6639489531517029, 0.6626279950141907, 0.6633942723274231, 0.6519876718521118, 0.6498293280601501, 0.6452006101608276, 0.6422927379608154, 0.6476145386695862, 0.6546542644500732, 0.6529316306114197, 0.6816461682319641, 0.8046861886978149, 0.8217061758041382, 0.7418522834777832], "acc": [0.5261043906211853, 0.5448460578918457, 0.5247657299041748, 0.5582329034805298, 0.5836679935455322, 0.5756358504295349, 0.579651951789856, 0.6091030836105347, 0.5983935594558716, 0.5997322797775269, 0.5823293328285217, 0.5903614163398743, 0.5823293328285217, 0.6024096608161926, 0.5890227556228638, 0.5943775177001953, 0.6198126077651978, 0.6144578456878662, 0.6024096608161926, 0.623828649520874, 0.6599732041358948, 0.657295823097229, 0.5997322797775269, 0.59303879737854, 0.5783132314682007, 0.5983935594558716, 0.6278446912765503, 0.6265060305595398, 0.6278446912765503, 0.6345381736755371, 0.6157965064048767, 0.5823293328285217, 0.6024096608161926, 0.6091030836105347, 0.6050870418548584, 0.6010709404945374, 0.6157965064048767, 0.6305220723152161, 0.6385542154312134, 0.6452476382255554, 0.6372155547142029, 0.6398928761482239, 0.5609102845191956, 0.5716198086738586, 0.6091030836105347, 0.6064257025718689, 0.6077643632888794, 0.6117804646492004, 0.6050870418548584, 0.6291834115982056, 0.6439089775085449, 0.6358768343925476, 0.6331994533538818, 0.6037483215332031, 0.6358768343925476, 0.6278446912765503, 0.6439089775085449, 0.6412315964698792, 0.6425702571868896, 0.6439089775085449, 0.6398928761482239, 0.6492637395858765, 0.650602400302887, 0.6653279662132263, 0.6425702571868896, 0.5006693601608276, 0.5194109678268433, 0.5421686768531799, 0.5970548987388611, 0.5836679935455322, 0.6077643632888794, 0.6010709404945374, 0.5997322797775269, 0.6037483215332031, 0.6091030836105347, 0.5983935594558716, 0.6050870418548584, 0.6064257025718689, 0.6077643632888794, 0.6117804646492004, 0.6091030836105347, 0.5917001366615295, 0.5943775177001953, 0.6064257025718689, 0.6037483215332031, 0.6104417443275452, 0.5983935594558716, 0.6077643632888794, 0.6037483215332031, 0.6117804646492004, 0.6077643632888794, 0.6144578456878662, 0.6157965064048767, 0.617135226726532, 0.6064257025718689, 0.6198126077651978, 0.6157965064048767, 0.6224899888038635, 0.6211512684822083, 0.6305220723152161, 0.6358768343925476, 0.6425702571868896, 0.6331994533538818, 0.6345381736755371, 0.657295823097229, 0.5769745707511902, 0.5729585289955139, 0.5970548987388611, 0.6251673102378845, 0.6010709404945374, 0.6131191253662109, 0.6077643632888794, 0.6037483215332031, 0.6198126077651978, 0.6224899888038635, 0.6358768343925476, 0.6358768343925476, 0.6211512684822083, 0.6465863585472107, 0.586345374584198, 0.5381526350975037, 0.5274431109428406], "val_loss": [0.686089277267456, 0.6842100024223328, 0.6823987364768982, 0.6811811327934265, 0.6798011064529419, 0.6781448721885681, 0.6770476698875427, 0.6764605641365051, 0.676125168800354, 0.6751929521560669, 0.67439204454422, 0.6734218001365662, 0.673232913017273, 0.6730321645736694, 0.670590341091156, 0.6701465845108032, 0.6761203408241272, 0.660348653793335, 0.6720587015151978, 0.6584084033966064, 0.7069750428199768, 0.6355952620506287, 0.6927085518836975, 0.6801113486289978, 0.6790762543678284, 0.66838139295578, 0.6690281629562378, 0.6659560799598694, 0.6637674570083618, 0.6649248003959656, 0.6589300632476807, 0.6784886717796326, 0.6631032228469849, 0.6693850159645081, 0.6689561009407043, 0.6612584590911865, 0.6617136001586914, 0.6645094752311707, 0.6604506373405457, 0.6783299446105957, 0.6909468770027161, 0.6635899543762207, 0.6809778213500977, 0.6689842939376831, 0.669492781162262, 0.6710070967674255, 0.6702682375907898, 0.666927695274353, 0.6627885103225708, 0.6603732705116272, 0.6637648940086365, 0.6659212708473206, 0.6822634339332581, 0.6656909584999084, 0.6549822688102722, 0.6555787324905396, 0.6578922867774963, 0.6555586457252502, 0.6609411835670471, 0.6776686310768127, 0.6462096571922302, 0.6684423685073853, 0.6432085633277893, 0.6411024928092957, 0.7278964519500732, 0.6922587752342224, 0.6810274720191956, 0.6786666512489319, 0.6782770156860352, 0.6780261397361755, 0.6776979565620422, 0.6769070029258728, 0.676226794719696, 0.6753407716751099, 0.6744183897972107, 0.6737526655197144, 0.6731288433074951, 0.672677218914032, 0.6723799109458923, 0.672156572341919, 0.6720108389854431, 0.6718520522117615, 0.6717248558998108, 0.6713425517082214, 0.6715530157089233, 0.6710180640220642, 0.6707801818847656, 0.6704233884811401, 0.6701515316963196, 0.6699087619781494, 0.6696702241897583, 0.6685701608657837, 0.6681740283966064, 0.6680012345314026, 0.667276918888092, 0.6697036623954773, 0.6661954522132874, 0.6648751497268677, 0.6638574600219727, 0.663306713104248, 0.6625509262084961, 0.657961905002594, 0.6532872319221497, 0.6532331109046936, 0.6676294207572937, 0.6840531229972839, 0.6790754795074463, 0.6765232086181641, 0.6750311851501465, 0.6736879348754883, 0.6706515550613403, 0.6712168455123901, 0.6733930706977844, 0.6700899004936218, 0.6684796214103699, 0.6691795587539673, 0.6658377647399902, 0.7003730535507202, 0.7749986052513123, 0.8567922711372375, 0.7825096845626831, 0.72580885887146],