{"loss": [0.6495093703269958, 0.647454023361206, 0.6603118777275085, 0.6582120060920715, 0.6510059833526611, 0.6477828621864319, 0.646922767162323, 0.6784387826919556, 0.6721169948577881, 0.6691862940788269, 0.6696109175682068, 0.6625857949256897, 0.6596934795379639, 0.6591753363609314, 0.6530351638793945, 0.6507989764213562, 0.6465826630592346, 0.6401323676109314, 0.6400778889656067, 0.64291912317276, 0.6408980488777161, 0.6341885328292847, 0.6412736773490906, 0.6435625553131104, 0.6425082087516785, 0.6445354223251343, 0.632750928401947, 0.6360153555870056, 0.6378672122955322, 0.6356252431869507, 0.6343947649002075, 0.6288401484489441, 0.6309624314308167, 0.6372256875038147, 0.6367496252059937, 0.6616342067718506, 0.6540518999099731, 0.6743993163108826, 0.692618191242218, 0.6771939396858215, 0.6697579026222229, 0.6703347563743591, 0.6702059507369995, 0.6692091226577759, 0.6682767271995544, 0.6692635416984558, 0.6669200658798218, 0.667671799659729, 0.6647970676422119, 0.6633250713348389, 0.6641504168510437, 0.6607934832572937, 0.6619172692298889, 0.6604375839233398, 0.6531432271003723, 0.6564897894859314, 0.6563051342964172, 0.6557347774505615, 0.6605932116508484, 0.6501156091690063, 0.6460853815078735, 0.6492891907691956, 0.6532553434371948, 0.6518808603286743, 0.6472637057304382, 0.6443929672241211, 0.6460797786712646, 0.6440629959106445, 0.6433635354042053, 0.6406681537628174, 0.6450191140174866, 0.6416589021682739, 0.6434552669525146, 0.6453297138214111, 0.6449102759361267, 0.6391228437423706, 0.6450786590576172, 0.6417444944381714, 0.6394996047019958, 0.6434786319732666, 0.6401272416114807, 0.6455544829368591, 0.6290431022644043, 0.6509449481964111, 0.640669584274292, 0.671915590763092, 0.7599849104881287, 0.7072271108627319, 0.7006187438964844, 0.6951602101325989, 0.6879208087921143, 0.6859882473945618, 0.6774243116378784, 0.6729260683059692, 0.6675108075141907, 0.6630074381828308, 0.659610390663147, 0.6481420993804932, 0.6464765071868896, 0.6406863927841187, 0.645074188709259, 0.638912558555603], "acc": [0.6305220723152161, 0.6278446912765503, 0.6024096608161926, 0.5876840949058533, 0.6265060305595398, 0.6385542154312134, 0.6157965064048767, 0.5542168617248535, 0.5809906125068665, 0.579651951789856, 0.5609102845191956, 0.586345374584198, 0.6265060305595398, 0.6412315964698792, 0.6519411206245422, 0.6398928761482239, 0.6439089775085449, 0.650602400302887, 0.6559571623802185, 0.6452476382255554, 0.6492637395858765, 0.657295823097229, 0.6626505851745605, 0.6439089775085449, 0.6385542154312134, 0.6479250192642212, 0.6626505851745605, 0.654618501663208, 0.6586345434188843, 0.6639893054962158, 0.6626505851745605, 0.6773761510848999, 0.6666666865348816, 0.66131192445755, 0.654618501663208, 0.6291834115982056, 0.6278446912765503, 0.579651951789856, 0.5207496881484985, 0.5435073375701904, 0.5435073375701904, 0.5582329034805298, 0.5716198086738586, 0.586345374584198, 0.59303879737854, 0.5903614163398743, 0.5903614163398743, 0.5917001366615295, 0.5983935594558716, 0.6037483215332031, 0.5997322797775269, 0.5997322797775269, 0.5903614163398743, 0.6117804646492004, 0.6184738874435425, 0.6265060305595398, 0.6211512684822083, 0.6345381736755371, 0.6398928761482239, 0.6492637395858765, 0.6586345434188843, 0.6519411206245422, 0.6439089775085449, 0.6532797813415527, 0.6412315964698792, 0.650602400302887, 0.6452476382255554, 0.6479250192642212, 0.6519411206245422, 0.6586345434188843, 0.6519411206245422, 0.657295823097229, 0.6559571623802185, 0.6479250192642212, 0.6492637395858765, 0.6559571623802185, 0.6586345434188843, 0.6519411206245422, 0.650602400302887, 0.6452476382255554, 0.6492637395858765, 0.6559571623802185, 0.657295823097229, 0.6278446912765503, 0.657295823097229, 0.6519411206245422, 0.5568942427635193, 0.5408300161361694, 0.5341365337371826, 0.5368139147758484, 0.5515394806861877, 0.5635876655578613, 0.5742971897125244, 0.5903614163398743, 0.5903614163398743, 0.6024096608161926, 0.6265060305595398, 0.6465863585472107, 0.657295823097229, 0.6599732041358948, 0.654618501663208, 0.66131192445755], "val_loss": [0.664206862449646, 0.657945990562439, 0.6971469521522522, 0.6643404960632324, 0.6788787841796875, 0.6608161926269531, 0.6941918134689331, 0.6881937384605408, 0.6665959358215332, 0.6752341985702515, 0.6672020554542542, 0.6679428815841675, 0.6692719459533691, 0.6688199043273926, 0.6668688654899597, 0.6660547852516174, 0.6681670546531677, 0.6708833575248718, 0.6723983883857727, 0.6732085347175598, 0.675849974155426, 0.6730899810791016, 0.6750822067260742, 0.6689126491546631, 0.6745152473449707, 0.6678502559661865, 0.6711401343345642, 0.6736524701118469, 0.6738644242286682, 0.6742624044418335, 0.6747126579284668, 0.6783896684646606, 0.6862176656723022, 0.678062379360199, 0.6926225423812866, 0.705014705657959, 0.6732274889945984, 0.6902036070823669, 0.6782540082931519, 0.6734641790390015, 0.6725912690162659, 0.6726573705673218, 0.6727813482284546, 0.6727181673049927, 0.6723100543022156, 0.6719149947166443, 0.6714166402816772, 0.6708247065544128, 0.6703405380249023, 0.6699112057685852, 0.6695799827575684, 0.6692951321601868, 0.6692783236503601, 0.6693919897079468, 0.6694037914276123, 0.6698656678199768, 0.6704301238059998, 0.6711786985397339, 0.6717615127563477, 0.6723104119300842, 0.6733522415161133, 0.6742388010025024, 0.674294114112854, 0.6744166612625122, 0.6751397848129272, 0.6746333241462708, 0.6751498579978943, 0.6767486929893494, 0.6767109036445618, 0.6749817728996277, 0.6758818030357361, 0.6778220534324646, 0.672977864742279, 0.6749119758605957, 0.6746163964271545, 0.6718119382858276, 0.671449601650238, 0.671657145023346, 0.6743624806404114, 0.6755729913711548, 0.6698936820030212, 0.6683595180511475, 0.6786897778511047, 0.6759535670280457, 0.6850741505622864, 0.7394624352455139, 0.6935400366783142, 0.6759072542190552, 0.6883894801139832, 0.6902943849563599, 0.6884549260139465, 0.6898040771484375, 0.684343159198761, 0.6832301616668701, 0.6797130107879639, 0.6831247210502625, 0.6887772679328918, 0.6796221137046814, 0.6926948428153992, 0.6757480502128601, 0.6744040250778198, 0.6721436381340027],