{"loss": [0.6687366962432861, 0.6752874255180359, 0.6786612868309021, 0.667807936668396, 0.6666010618209839, 0.6674647927284241, 0.6666681170463562, 0.6621896624565125, 0.6625716090202332, 0.6546757221221924, 0.686397135257721, 0.7221279740333557, 0.7100087404251099, 0.6929275393486023, 0.6908252835273743, 0.6855849623680115, 0.6950294375419617, 0.6885759234428406, 0.6842412352561951, 0.6852332353591919, 0.6857353448867798, 0.6868373155593872, 0.6818503141403198, 0.6834508180618286, 0.6818790435791016, 0.6790685057640076, 0.6754562258720398, 0.6734269261360168, 0.6736019253730774, 0.6678560376167297, 0.6706263422966003, 0.6704061031341553, 0.6723978519439697, 0.6693149209022522, 0.6628733277320862, 0.6620141863822937, 0.6657997965812683, 0.668652355670929, 0.6594011783599854, 0.6638877987861633, 0.6636421084403992, 0.6611483097076416, 0.6599013209342957, 0.6566703915596008, 0.662188708782196, 0.6634442806243896, 0.6609537601470947, 0.6527647972106934, 0.6601385474205017, 0.6574293375015259, 0.6589651703834534, 0.6636161804199219, 0.6586795449256897, 0.6595098972320557, 0.6665111780166626, 0.6680631041526794, 0.7009499073028564, 0.6698305010795593, 0.6652936339378357, 0.6708900928497314, 0.66645348072052, 0.6659100651741028, 0.6617974042892456, 0.662433922290802, 0.6619893312454224, 0.6684788465499878, 0.6647560000419617, 0.663602352142334, 0.6593524813652039, 0.6586431264877319, 0.659324049949646, 0.6542437672615051, 0.6592404246330261, 0.6595611572265625, 0.6568967700004578, 0.6526134610176086, 0.6528428196907043, 0.6501403450965881, 0.6485958695411682, 0.6584545969963074, 0.669585108757019, 0.6608041524887085, 0.6538359522819519, 0.6651331186294556, 0.6566873788833618, 0.7194460034370422, 0.6686766743659973, 0.6745651364326477, 0.6750034689903259, 0.677032470703125, 0.6730208992958069, 0.6710509657859802, 0.6673029661178589, 0.6652178168296814, 0.6649250388145447, 0.6611825227737427, 0.656771183013916, 0.6586552858352661, 0.661095917224884, 0.6583218574523926, 0.655219554901123], "acc": [0.6042780876159668, 0.5842245817184448, 0.5695187449455261, 0.5922459959983826, 0.5895721912384033, 0.5828877091407776, 0.5989304780960083, 0.5895721912384033, 0.616310179233551, 0.6216577291488647, 0.5828877091407776, 0.5133689641952515, 0.5133689641952515, 0.5227272510528564, 0.5414438247680664, 0.5374331474304199, 0.5053476095199585, 0.5173797011375427, 0.5601603984832764, 0.5574866533279419, 0.5521390438079834, 0.5213903784751892, 0.5681818127632141, 0.5574866533279419, 0.5748662948608398, 0.5708556175231934, 0.5695187449455261, 0.5842245817184448, 0.5949198007583618, 0.5815507769584656, 0.5922459959983826, 0.5748662948608398, 0.5721924901008606, 0.5815507769584656, 0.5775400996208191, 0.5922459959983826, 0.596256673336029, 0.5788770318031311, 0.5989304780960083, 0.5868983864784241, 0.5882353186607361, 0.5989304780960083, 0.5802139043807983, 0.6176470518112183, 0.5882353186607361, 0.5855615139007568, 0.5855615139007568, 0.5989304780960083, 0.6016042828559875, 0.5868983864784241, 0.5922459959983826, 0.5935828685760498, 0.596256673336029, 0.5989304780960083, 0.5949198007583618, 0.5775400996208191, 0.5935828685760498, 0.5935828685760498, 0.5909090638160706, 0.6029411554336548, 0.6002673506736755, 0.596256673336029, 0.6029411554336548, 0.6176470518112183, 0.605614960193634, 0.606951892375946, 0.6029411554336548, 0.6002673506736755, 0.6082887649536133, 0.6176470518112183, 0.6189839839935303, 0.614973247051239, 0.6189839839935303, 0.624331533908844, 0.6203208565711975, 0.6283422708511353, 0.624331533908844, 0.625668466091156, 0.633689820766449, 0.6176470518112183, 0.5842245817184448, 0.6042780876159668, 0.633689820766449, 0.605614960193634, 0.6189839839935303, 0.5748662948608398, 0.6002673506736755, 0.596256673336029, 0.5949198007583618, 0.5895721912384033, 0.6042780876159668, 0.5989304780960083, 0.6029411554336548, 0.605614960193634, 0.6189839839935303, 0.6283422708511353, 0.6310160160064697, 0.625668466091156, 0.6216577291488647, 0.6122994422912598, 0.635026752948761], "val_loss": [0.6609649062156677, 0.7124434113502502, 0.6611056327819824, 0.6637791395187378, 0.6628212928771973, 0.6643882393836975, 0.6632063388824463, 0.6844709515571594, 0.6742451190948486, 0.6788031458854675, 0.7374767661094666, 0.7313821911811829, 0.7122620940208435, 0.696882963180542, 0.6888476610183716, 0.68522709608078, 0.683757483959198, 0.6831716299057007, 0.6827216744422913, 0.6821520328521729, 0.6820163130760193, 0.681725263595581, 0.6806865334510803, 0.6798792481422424, 0.6792824268341064, 0.6783527731895447, 0.6781324148178101, 0.679248571395874, 0.6823184490203857, 0.6831366419792175, 0.6854385733604431, 0.6888116002082825, 0.6850347518920898, 0.6799154877662659, 0.6748140454292297, 0.6776888966560364, 0.6816597580909729, 0.6784582734107971, 0.6789467930793762, 0.6786061525344849, 0.6779099702835083, 0.6768091320991516, 0.6768255233764648, 0.6777457594871521, 0.6790748238563538, 0.6772567629814148, 0.674098014831543, 0.6778885126113892, 0.6760707497596741, 0.6764337420463562, 0.6751881837844849, 0.6769413352012634, 0.6740466356277466, 0.676792562007904, 0.6828552484512329, 0.6974154710769653, 0.6786645650863647, 0.672497034072876, 0.6769264936447144, 0.6779486536979675, 0.6766513586044312, 0.6740520000457764, 0.6721562147140503, 0.6718268990516663, 0.6729161739349365, 0.6759630441665649, 0.6783826947212219, 0.6744292974472046, 0.6731077432632446, 0.6743118762969971, 0.6755656003952026, 0.6701392531394958, 0.676755964756012, 0.6786222457885742, 0.6783137321472168, 0.6765366196632385, 0.6823806762695312, 0.6840620040893555, 0.6692103147506714, 0.6907286047935486, 0.6855157613754272, 0.6791709661483765, 0.6780794858932495, 0.6867336630821228, 0.682749330997467, 0.6683717370033264, 0.6757392287254333, 0.6800194382667542, 0.6807158589363098, 0.6792784333229065, 0.6764683127403259, 0.6740373969078064, 0.6710351705551147, 0.6698428988456726, 0.6700505018234253, 0.6712747812271118, 0.6763010025024414, 0.6901523470878601, 0.6699578166007996, 0.6671401262283325, 0.6789044141769409],